{
  "baseball_mlb": [
    {
      "id": "94eff03561670a62e673a31a99309a5f",
      "commence_time": "2025-07-21T22:40:00Z",
      "home_team": "Pittsburgh Pirates",
      "away_team": "Detroit Tigers",
      "bookmaker": {
        "key": "fanduel",
        "title": "FanDuel",
        "markets": [
          {
            "key": "h2h",
            "outcomes": [
              {
                "name": "Detroit Tigers",
                "price": 126
              },
              {
                "name": "Pittsburgh Pirates",
                "price": -162
              }
            ]
          },
          {
            "key": "spreads",
            "outcomes": [
              {
                "name": "Detroit Tigers",
                "price": -194,
                "point": 1.5
              },
              {
                "name": "Pittsburgh Pirates",
                "price": 144,
                "point": -1.5
              }
            ]
          }
        ]
      }
    },
    {
      "id": "7b0dd6674ac731cee8533be3c38f6b66",
      "commence_time": "2025-07-21T22:40:00Z",
      "home_team": "Miami Marlins",
      "away_team": "San Diego Padres",
      "bookmaker": {
        "key": "fanduel",
        "title": "FanDuel",
        "markets": [
          {
            "key": "h2h",
            "outcomes": [
              {
                "name": "Miami Marlins",
                "price": -174
              },
              {
                "name": "San Diego Padres",
                "price": 136
              }
            ]
          },
          {
            "key": "spreads",
            "outcomes": [
              {
                "name": "Miami Marlins",
                "price": 124,
                "point": -1.5
              },
              {
                "name": "San Diego Padres",
                "price": -166,
                "point": 1.5
              }
            ]
          }
        ]
      }
    },
    {
      "id": "6d8a12d6bd6eb2f5952efc11a4d6e3a5",
      "commence_time": "2025-07-21T22:41:01Z",
      "home_team": "Cleveland Guardians",
      "away_team": "Baltimore Orioles",
      "bookmaker": {
        "key": "fanduel",
        "title": "FanDuel",
        "markets": [
          {
            "key": "h2h",
            "outcomes": [
              {
                "name": "Baltimore Orioles",
                "price": -174
              },
              {
                "name": "Cleveland Guardians",
                "price": 136
              }
            ]
          },
          {
            "key": "spreads",
            "outcomes": [
              {
                "name": "Baltimore Orioles",
                "price": 100,
                "point": -1.5
              },
              {
                "name": "Cleveland Guardians",
                "price": -132,
                "point": 1.5
              }
            ]
          }
        ]
      }
    },
    {
      "id": "09a9630246c9421e9f1096d4bddae3a4",
      "commence_time": "2025-07-21T22:45:16Z",
      "home_team": "Washington Nationals",
      "away_team": "Cincinnati Reds",
      "bookmaker": {
        "key": "fanduel",
        "title": "FanDuel",
        "markets": [
          {
            "key": "h2h",
            "outcomes": [
              {
                "name": "Cincinnati Reds",
                "price": -154
              },
              {
                "name": "Washington Nationals",
                "price": 120
              }
            ]
          },
          {
            "key": "spreads",
            "outcomes": [
              {
                "name": "Cincinnati Reds",
                "price": -102,
                "point": -1.5
              },
              {
                "name": "Washington Nationals",
                "price": -130,
                "point": 1.5
              }
            ]
          }
        ]
      }
    },
    {
      "id": "59488535af10fc401d35d46d975b4f57",
      "commence_time": "2025-07-21T22:45:42Z",
      "home_team": "Philadelphia Phillies",
      "away_team": "Boston Red Sox",
      "bookmaker": {
        "key": "fanduel",
        "title": "FanDuel",
        "markets": [
          {
            "key": "h2h",
            "outcomes": [
              {
                "name": "Boston Red Sox",
                "price": 120
              },
              {
                "name": "Philadelphia Phillies",
                "price": -154
              }
            ]
          },
          {
            "key": "spreads",
            "outcomes": [
              {
                "name": "Boston Red Sox",
                "price": -180,
                "point": 1.5
              },
              {
                "name": "Philadelphia Phillies",
                "price": 134,
                "point": -1.5
              }
            ]
          }
        ]
      }
    },
    {
      "id": "4154f86f864e84c3c93107bbedfe0583",
      "commence_time": "2025-07-21T23:07:00Z",
      "home_team": "Toronto Blue Jays",
      "away_team": "New York Yankees",
      "bookmaker": {
        "key": "fanduel",
        "title": "FanDuel",
        "markets": [
          {
            "key": "h2h",
            "outcomes": [
              {
                "name": "New York Yankees",
                "price": -120
              },
              {
                "name": "Toronto Blue Jays",
                "price": 102
              }
            ]
          },
          {
            "key": "spreads",
            "outcomes": [
              {
                "name": "New York Yankees",
                "price": 138,
                "point": -1.5
              },
              {
                "name": "Toronto Blue Jays",
                "price": -166,
                "point": 1.5
              }
            ]
          }
        ]
      }
    },
    {
      "id": "7ad76b3f561374021481ad192d780df1",
      "commence_time": "2025-07-21T23:10:00Z",
      "home_team": "New York Mets",
      "away_team": "Los Angeles Angels",
      "bookmaker": {
        "key": "fanduel",
        "title": "FanDuel",
        "markets": [
          {
            "key": "h2h",
            "outcomes": [
              {
                "name": "Los Angeles Angels",
                "price": 150
              },
              {
                "name": "New York Mets",
                "price": -178
              }
            ]
          },
          {
            "key": "spreads",
            "outcomes": [
              {
                "name": "Los Angeles Angels",
                "price": -130,
                "point": 1.5
              },
              {
                "name": "New York Mets",
                "price": 108,
                "point": -1.5
              }
            ]
          }
        ]
      }
    },
    {
      "id": "5ab7f41ab0536a9393d4d875e62b871b",
      "commence_time": "2025-07-21T23:15:00Z",
      "home_team": "Atlanta Braves",
      "away_team": "San Francisco Giants",
      "bookmaker": {
        "key": "fanduel",
        "title": "FanDuel",
        "markets": [
          {
            "key": "h2h",
            "outcomes": [
              {
                "name": "Atlanta Braves",
                "price": -132
              },
              {
                "name": "San Francisco Giants",
                "price": 112
              }
            ]
          },
          {
            "key": "spreads",
            "outcomes": [
              {
                "name": "Atlanta Braves",
                "price": 146,
                "point": -1.5
              },
              {
                "name": "San Francisco Giants",
                "price": -178,
                "point": 1.5
              }
            ]
          }
        ]
      }
    },
    {
      "id": "c51ffb8495fb602d29b56174b46c5c13",
      "commence_time": "2025-07-21T23:35:00Z",
      "home_team": "Tampa Bay Rays",
      "away_team": "Chicago White Sox",
      "bookmaker": {
        "key": "fanduel",
        "title": "FanDuel",
        "markets": [
          {
            "key": "h2h",
            "outcomes": [
              {
                "name": "Chicago White Sox",
                "price": 180
              },
              {
                "name": "Tampa Bay Rays",
                "price": -215
              }
            ]
          },
          {
            "key": "spreads",
            "outcomes": [
              {
                "name": "Chicago White Sox",
                "price": -110,
                "point": 1.5
              },
              {
                "name": "Tampa Bay Rays",
                "price": -110,
                "point": -1.5
              }
            ]
          }
        ]
      }
    },
    {
      "id": "b6281a67d321d5ed6ac08820d0e30124",
      "commence_time": "2025-07-22T00:05:00Z",
      "home_team": "Chicago Cubs",
      "away_team": "Kansas City Royals",
      "bookmaker": {
        "key": "fanduel",
        "title": "FanDuel",
        "markets": [
          {
            "key": "h2h",
            "outcomes": [
              {
                "name": "Chicago Cubs",
                "price": -144
              },
              {
                "name": "Kansas City Royals",
                "price": 122
              }
            ]
          },
          {
            "key": "spreads",
            "outcomes": [
              {
                "name": "Chicago Cubs",
                "price": 146,
                "point": -1.5
              },
              {
                "name": "Kansas City Royals",
                "price": -176,
                "point": 1.5
              }
            ]
          }
        ]
      }
    },
    {
      "id": "d62fd90fb495a00aa6f3d1a1a19d9a8d",
      "commence_time": "2025-07-22T00:05:00Z",
      "home_team": "Texas Rangers",
      "away_team": "Oakland Athletics",
      "bookmaker": {
        "key": "fanduel",
        "title": "FanDuel",
        "markets": [
          {
            "key": "h2h",
            "outcomes": [
              {
                "name": "Oakland Athletics",
                "price": 102
              },
              {
                "name": "Texas Rangers",
                "price": -120
              }
            ]
          },
          {
            "key": "spreads",
            "outcomes": [
              {
                "name": "Oakland Athletics",
                "price": 164,
                "point": -1.5
              },
              {
                "name": "Texas Rangers",
                "price": -200,
                "point": 1.5
              }
            ]
          }
        ]
      }
    },
    {
      "id": "9e511e806b434018dcac0eaf15da68ef",
      "commence_time": "2025-07-22T00:40:00Z",
      "home_team": "Colorado Rockies",
      "away_team": "St. Louis Cardinals",
      "bookmaker": {
        "key": "fanduel",
        "title": "FanDuel",
        "markets": [
          {
            "key": "h2h",
            "outcomes": [
              {
                "name": "Colorado Rockies",
                "price": 142
              },
              {
                "name": "St. Louis Cardinals",
                "price": -168
              }
            ]
          },
          {
            "key": "spreads",
            "outcomes": [
              {
                "name": "Colorado Rockies",
                "price": -105,
                "point": 1.5
              },
              {
                "name": "St. Louis Cardinals",
                "price": -115,
                "point": -1.5
              }
            ]
          }
        ]
      }
    },
    {
      "id": "d5fe1d7b7dcdf9a5545eae806c7b585b",
      "commence_time": "2025-07-22T01:40:00Z",
      "home_team": "Arizona Diamondbacks",
      "away_team": "Houston Astros",
      "bookmaker": {
        "key": "fanduel",
        "title": "FanDuel",
        "markets": [
          {
            "key": "h2h",
            "outcomes": [
              {
                "name": "Arizona Diamondbacks",
                "price": -142
              },
              {
                "name": "Houston Astros",
                "price": 120
              }
            ]
          },
          {
            "key": "spreads",
            "outcomes": [
              {
                "name": "Arizona Diamondbacks",
                "price": 134,
                "point": -1.5
              },
              {
                "name": "Houston Astros",
                "price": -162,
                "point": 1.5
              }
            ]
          }
        ]
      }
    },
    {
      "id": "b45b5767cfef0a72b06b0e11df4dd3aa",
      "commence_time": "2025-07-22T01:40:00Z",
      "home_team": "Seattle Mariners",
      "away_team": "Milwaukee Brewers",
      "bookmaker": {
        "key": "fanduel",
        "title": "FanDuel",
        "markets": [
          {
            "key": "h2h",
            "outcomes": [
              {
                "name": "Milwaukee Brewers",
                "price": 102
              },
              {
                "name": "Seattle Mariners",
                "price": -120
              }
            ]
          },
          {
            "key": "spreads",
            "outcomes": [
              {
                "name": "Milwaukee Brewers",
                "price": 184,
                "point": -1.5
              },
              {
                "name": "Seattle Mariners",
                "price": -225,
                "point": 1.5
              }
            ]
          }
        ]
      }
    },
    {
      "id": "bf8025db024bcbb098ce586a8991f3d0",
      "commence_time": "2025-07-22T02:10:00Z",
      "home_team": "Los Angeles Dodgers",
      "away_team": "Minnesota Twins",
      "bookmaker": {
        "key": "fanduel",
        "title": "FanDuel",
        "markets": [
          {
            "key": "h2h",
            "outcomes": [
              {
                "name": "Los Angeles Dodgers",
                "price": -178
              },
              {
                "name": "Minnesota Twins",
                "price": 150
              }
            ]
          },
          {
            "key": "spreads",
            "outcomes": [
              {
                "name": "Los Angeles Dodgers",
                "price": 114,
                "point": -1.5
              },
              {
                "name": "Minnesota Twins",
                "price": -137,
                "point": 1.5
              }
            ]
          }
        ]
      }
    },
    {
      "id": "4631fb2aef9f1e508cb1333938a645d9",
      "commence_time": "2025-07-22T22:41:00Z",
      "home_team": "Cleveland Guardians",
      "away_team": "Baltimore Orioles",
      "bookmaker": {
        "key": "fanduel",
        "title": "FanDuel",
        "markets": [
          {
            "key": "h2h",
            "outcomes": [
              {
                "name": "Baltimore Orioles",
                "price": 112
              },
              {
                "name": "Cleveland Guardians",
                "price": -132
              }
            ]
          },
          {
            "key": "spreads",
            "outcomes": [
              {
                "name": "Baltimore Orioles",
                "price": -182,
                "point": 1.5
              },
              {
                "name": "Cleveland Guardians",
                "price": 150,
                "point": -1.5
              }
            ]
          }
        ]
      }
    },
    {
      "id": "e6afbabe221c3af3aeb6bf814c04840f",
      "commence_time": "2025-07-22T22:41:00Z",
      "home_team": "Pittsburgh Pirates",
      "away_team": "Detroit Tigers",
      "bookmaker": {
        "key": "fanduel",
        "title": "FanDuel",
        "markets": [
          {
            "key": "h2h",
            "outcomes": [
              {
                "name": "Detroit Tigers",
                "price": -136
              },
              {
                "name": "Pittsburgh Pirates",
                "price": 116
              }
            ]
          },
          {
            "key": "spreads",
            "outcomes": [
              {
                "name": "Detroit Tigers",
                "price": 125,
                "point": -1.5
              },
              {
                "name": "Pittsburgh Pirates",
                "price": -150,
                "point": 1.5
              }
            ]
          }
        ]
      }
    },
    {
      "id": "a98181034ad8e08f6a11269f46af9bd6",
      "commence_time": "2025-07-22T22:41:00Z",
      "home_team": "Miami Marlins",
      "away_team": "San Diego Padres",
      "bookmaker": {
        "key": "fanduel",
        "title": "FanDuel",
        "markets": [
          {
            "key": "h2h",
            "outcomes": [
              {
                "name": "Miami Marlins",
                "price": -108
              },
              {
                "name": "San Diego Padres",
                "price": -108
              }
            ]
          },
          {
            "key": "spreads",
            "outcomes": [
              {
                "name": "Miami Marlins",
                "price": -192,
                "point": 1.5
              },
              {
                "name": "San Diego Padres",
                "price": 158,
                "point": -1.5
              }
            ]
          }
        ]
      }
    },
    {
      "id": "db1c583a2bd3f21fe8ec30cc589eeb91",
      "commence_time": "2025-07-22T22:46:00Z",
      "home_team": "Philadelphia Phillies",
      "away_team": "Boston Red Sox",
      "bookmaker": {
        "key": "fanduel",
        "title": "FanDuel",
        "markets": [
          {
            "key": "h2h",
            "outcomes": [
              {
                "name": "Boston Red Sox",
                "price": 160
              },
              {
                "name": "Philadelphia Phillies",
                "price": -190
              }
            ]
          },
          {
            "key": "spreads",
            "outcomes": [
              {
                "name": "Boston Red Sox",
                "price": -122,
                "point": 1.5
              },
              {
                "name": "Philadelphia Phillies",
                "price": 102,
                "point": -1.5
              }
            ]
          }
        ]
      }
    },
    {
      "id": "3a3b44134650ac62f5f358ccc4925b33",
      "commence_time": "2025-07-22T22:46:00Z",
      "home_team": "Washington Nationals",
      "away_team": "Cincinnati Reds",
      "bookmaker": {
        "key": "fanduel",
        "title": "FanDuel",
        "markets": [
          {
            "key": "h2h",
            "outcomes": [
              {
                "name": "Cincinnati Reds",
                "price": -136
              },
              {
                "name": "Washington Nationals",
                "price": 116
              }
            ]
          },
          {
            "key": "spreads",
            "outcomes": [
              {
                "name": "Cincinnati Reds",
                "price": 116,
                "point": -1.5
              },
              {
                "name": "Washington Nationals",
                "price": -140,
                "point": 1.5
              }
            ]
          }
        ]
      }
    },
    {
      "id": "4037ed43e7905f4540eba4c83a638b83",
      "commence_time": "2025-07-22T23:08:00Z",
      "home_team": "Toronto Blue Jays",
      "away_team": "New York Yankees",
      "bookmaker": {
        "key": "fanduel",
        "title": "FanDuel",
        "markets": [
          {
            "key": "h2h",
            "outcomes": [
              {
                "name": "New York Yankees",
                "price": -102
              },
              {
                "name": "Toronto Blue Jays",
                "price": -116
              }
            ]
          },
          {
            "key": "spreads",
            "outcomes": [
              {
                "name": "New York Yankees",
                "price": 146,
                "point": -1.5
              },
              {
                "name": "Toronto Blue Jays",
                "price": -176,
                "point": 1.5
              }
            ]
          }
        ]
      }
    },
    {
      "id": "2ee013146af023c985c025c66a483e05",
      "commence_time": "2025-07-22T23:11:00Z",
      "home_team": "New York Mets",
      "away_team": "Los Angeles Angels",
      "bookmaker": {
        "key": "fanduel",
        "title": "FanDuel",
        "markets": [
          {
            "key": "h2h",
            "outcomes": [
              {
                "name": "Los Angeles Angels",
                "price": 146
              },
              {
                "name": "New York Mets",
                "price": -174
              }
            ]
          },
          {
            "key": "spreads",
            "outcomes": [
              {
                "name": "Los Angeles Angels",
                "price": -130,
                "point": 1.5
              },
              {
                "name": "New York Mets",
                "price": 108,
                "point": -1.5
              }
            ]
          }
        ]
      }
    },
    {
      "id": "c845bcc9b029a75b4010744bde751069",
      "commence_time": "2025-07-22T23:16:00Z",
      "home_team": "Atlanta Braves",
      "away_team": "San Francisco Giants",
      "bookmaker": {
        "key": "fanduel",
        "title": "FanDuel",
        "markets": [
          {
            "key": "h2h",
            "outcomes": [
              {
                "name": "Atlanta Braves",
                "price": -102
              },
              {
                "name": "San Francisco Giants",
                "price": -116
              }
            ]
          },
          {
            "key": "spreads",
            "outcomes": [
              {
                "name": "Atlanta Braves",
                "price": -162,
                "point": 1.5
              },
              {
                "name": "San Francisco Giants",
                "price": 134,
                "point": -1.5
              }
            ]
          }
        ]
      }
    },
    {
      "id": "83b9f23cbf51e409f72330c6f65d6e9d",
      "commence_time": "2025-07-23T00:41:00Z",
      "home_team": "Colorado Rockies",
      "away_team": "St. Louis Cardinals",
      "bookmaker": {
        "key": "fanduel",
        "title": "FanDuel",
        "markets": [
          {
            "key": "h2h",
            "outcomes": [
              {
                "name": "Colorado Rockies",
                "price": 136
              },
              {
                "name": "St. Louis Cardinals",
                "price": -162
              }
            ]
          },
          {
            "key": "spreads",
            "outcomes": [
              {
                "name": "Colorado Rockies",
                "price": -115,
                "point": 1.5
              },
              {
                "name": "St. Louis Cardinals",
                "price": -104,
                "point": -1.5
              }
            ]
          }
        ]
      }
    },
    {
      "id": "bc7de0d32f8fca35ab010384abbb8629",
      "commence_time": "2025-07-23T01:41:00Z",
      "home_team": "Arizona Diamondbacks",
      "away_team": "Houston Astros",
      "bookmaker": {
        "key": "fanduel",
        "title": "FanDuel",
        "markets": [
          {
            "key": "h2h",
            "outcomes": [
              {
                "name": "Arizona Diamondbacks",
                "price": 114
              },
              {
                "name": "Houston Astros",
                "price": -134
              }
            ]
          },
          {
            "key": "spreads",
            "outcomes": [
              {
                "name": "Arizona Diamondbacks",
                "price": -150,
                "point": 1.5
              },
              {
                "name": "Houston Astros",
                "price": 125,
                "point": -1.5
              }
            ]
          }
        ]
      }
    },
    {
      "id": "6527892b815036107e6baa7a206f9150",
      "commence_time": "2025-07-23T01:41:00Z",
      "home_team": "Seattle Mariners",
      "away_team": "Milwaukee Brewers",
      "bookmaker": {
        "key": "fanduel",
        "title": "FanDuel",
        "markets": [
          {
            "key": "h2h",
            "outcomes": [
              {
                "name": "Milwaukee Brewers",
                "price": 110
              },
              {
                "name": "Seattle Mariners",
                "price": -130
              }
            ]
          },
          {
            "key": "spreads",
            "outcomes": [
              {
                "name": "Milwaukee Brewers",
                "price": -205,
                "point": 1.5
              },
              {
                "name": "Seattle Mariners",
                "price": 168,
                "point": -1.5
              }
            ]
          }
        ]
      }
    },
    {
      "id": "d2b3463ab66e3fb1fd7b478ba0264cae",
      "commence_time": "2025-07-23T02:11:00Z",
      "home_team": "Los Angeles Dodgers",
      "away_team": "Minnesota Twins",
      "bookmaker": {
        "key": "fanduel",
        "title": "FanDuel",
        "markets": [
          {
            "key": "h2h",
            "outcomes": [
              {
                "name": "Los Angeles Dodgers",
                "price": -230
              },
              {
                "name": "Minnesota Twins",
                "price": 190
              }
            ]
          },
          {
            "key": "spreads",
            "outcomes": [
              {
                "name": "Los Angeles Dodgers",
                "price": -108,
                "point": -1.5
              },
              {
                "name": "Minnesota Twins",
                "price": -111,
                "point": 1.5
              }
            ]
          }
        ]
      }
    }
  ]
}