[
    {
      "coverSong": "All Along the Watchtower",
      "coverArtist": "Jimi Hendrix",
      "originalSong": "All Along the Watchtower",
      "originalArtist": "Bob Dylan"
    },
    {
        "coverSong": "As it Was",
        "coverArtist": "Milky Chance",
        "originalSong": "As it Was",
        "originalArtist": "Harry Styles"
      },
      {
        "coverSong": "Free Fallin'",
        "coverArtist": "John Mayer",
        "originalSong": "Free Fallin'",
        "originalArtist": "Tom Petty"
      }
    ]