[
  {
    "name": "Allen",
    "totalHR": 131,
    "players": [
      {
        "id": "41292",
        "name": "Cal Raleigh",
        "team": "SEA",
        "homeRuns": 32
      },
      {
        "id": "39712",
        "name": "Oneil Cruz",
        "team": "PIT",
        "homeRuns": 8
      },
      {
        "id": "39832",
        "name": "Shohei Ohtani",
        "team": "LAD",
        "homeRuns": 32
      },
      {
        "id": "34923",
        "name": "Taylor Ward",
        "team": "LAA",
        "homeRuns": 6
      },
      {
        "id": "42468",
        "name": "Andy Pages",
        "team": "LAD",
        "homeRuns": 17
      },
      {
        "id": "42714",
        "name": "Kerry Carpenter",
        "team": "DET",
        "homeRuns": 10
      },
      {
        "id": "34886",
        "name": "Alex Bregman",
        "team": "BOS",
        "homeRuns": 11
      },
      {
        "id": "40538",
        "name": "Nathaniel Lowe",
        "team": "WSH",
        "homeRuns": 6
      },
      {
        "id": "42047",
        "name": "Logan O'Hoppe",
        "team": "LAA",
        "homeRuns": 9
      }
    ]
  },
  {
    "name": "BeRad",
    "totalHR": 121,
    "players": [
      {
        "id": "39907",
        "name": "Tommy Edman",
        "team": "LAD",
        "homeRuns": 8
      },
      {
        "id": "5016968",
        "name": "Ben Rice",
        "team": "NYY",
        "homeRuns": 8
      },
      {
        "id": "34967",
        "name": "Kyle Tucker",
        "team": "CHC",
        "homeRuns": 17
      },
      {
        "id": "33377",
        "name": "Teoscar Hernandez",
        "team": "LAD",
        "homeRuns": 9
      },
      {
        "id": "4905921",
        "name": "Junior Caminero",
        "team": "TB",
        "homeRuns": 6
      },
      {
        "id": "4424286",
        "name": "Spencer Torkelson",
        "team": "DET",
        "homeRuns": 9
      },
      {
        "id": "33192",
        "name": "Aaron Judge",
        "team": "NYY",
        "homeRuns": 35
      },
      {
        "id": "40926",
        "name": "Brent Rooker",
        "team": "ATH",
        "homeRuns": 20
      },
      {
        "id": "30836",
        "name": "Mike Trout",
        "team": "LAA",
        "homeRuns": 9
      }
    ]
  },
  {
    "name": "Noremac",
    "totalHR": 102,
    "players": [
      {
        "id": "32129",
        "name": "Francisco Lindor",
        "team": "NYM",
        "homeRuns": 9
      },
      {
        "id": "33857",
        "name": "Matt Chapman",
        "team": "SF",
        "homeRuns": 6
      },
      {
        "id": "33712",
        "name": "Kyle Schwarber",
        "team": "PHI",
        "homeRuns": 10
      },
      {
        "id": "4990055",
        "name": "Wilyer Abreu",
        "team": "BOS",
        "homeRuns": 11
      },
      {
        "id": "37498",
        "name": "Pete Alonso",
        "team": "NYM",
        "homeRuns": 21
      },
      {
        "id": "35578",
        "name": "Cedric Mullins",
        "team": "BAL",
        "homeRuns": 6
      },
      {
        "id": "4918256",
        "name": "James Wood",
        "team": "WSH",
        "homeRuns": 24
      },
      {
        "id": "42598",
        "name": "Shea Langeliers",
        "team": "ATH",
        "homeRuns": 6
      },
      {
        "id": "4142424",
        "name": "Seiya Suzuki",
        "team": "CHC",
        "homeRuns": 9
      }
    ]
  },
  {
    "name": "Chill Duck Lookin MF",
    "totalHR": 89,
    "players": [
      {
        "id": "4686066",
        "name": "Tyler Soderstrom",
        "team": "ATH",
        "homeRuns": 10
      },
      {
        "id": "42415",
        "name": "Michael Busch",
        "team": "CHC",
        "homeRuns": 19
      },
      {
        "id": "42404",
        "name": "Corbin Carroll",
        "team": "ARI",
        "homeRuns": 14
      },
      {
        "id": "32558",
        "name": "Jorge Soler",
        "team": "LAA",
        "homeRuns": 6
      },
      {
        "id": "35983",
        "name": "Fernando Tatis Jr.",
        "team": "SD",
        "homeRuns": 13
      },
      {
        "id": "34982",
        "name": "Austin Riley",
        "team": "ATL",
        "homeRuns": 8
      },
      {
        "id": "4917927",
        "name": "Kyle Manzardo",
        "team": "CLE",
        "homeRuns": 8
      },
      {
        "id": "34895",
        "name": "Dansby Swanson",
        "team": "CHC",
        "homeRuns": 6
      },
      {
        "id": "30951",
        "name": "Bryce Harper",
        "team": "PHI",
        "homeRuns": 5
      }
    ]
  },
  {
    "name": "Rsmitty",
    "totalHR": 101,
    "players": [
      {
        "id": "42179",
        "name": "Riley Greene",
        "team": "DET",
        "homeRuns": 24
      },
      {
        "id": "32159",
        "name": "Brandon Nimmo",
        "team": "NYM",
        "homeRuns": 7
      },
      {
        "id": "32655",
        "name": "Byron Buxton",
        "team": "MIN",
        "homeRuns": 21
      },
      {
        "id": "31283",
        "name": "Christian Yelich",
        "team": "MIL",
        "homeRuns": 5
      },
      {
        "id": "4717833",
        "name": "Pete Crow-Armstrong",
        "team": "CHC",
        "homeRuns": 14
      },
      {
        "id": "30627",
        "name": "Wilmer Flores",
        "team": "SF",
        "homeRuns": 7
      },
      {
        "id": "41433",
        "name": "Jazz Chisholm Jr.",
        "team": "NYY",
        "homeRuns": 7
      },
      {
        "id": "32367",
        "name": "Eugenio Suarez",
        "team": "ARI",
        "homeRuns": 10
      },
      {
        "id": "4917869",
        "name": "Jackson Chourio",
        "team": "MIL",
        "homeRuns": 6
      }
    ]
  }
]