[
  {
    "userId": "072b0bb3-518e-4422-97fd-13dc53e8ae7e",
    "nickname": "Chill Duck Looking MF",
    "winningNumber": 81,
    "timestamp": "2024-11-08T17:30:00Z"
  },
  {
    "userId": "210141ad-6b01-4665-84dc-e47ea7c27dcb",
    "nickname": "Rsmitty",
    "winningNumber": 74,
    "amountWon": 100000,
    "timestamp": "2025-07-18T18:49:02.827Z"
  },
  {
    "userId": "f3b152a3-b29b-41b8-88b1-dea4d9b952aa",
    "nickname": "DJ Stewie ",
    "winningNumber": 27,
    "amountWon": 100000,
    "timestamp": "2025-07-21T22:57:33.147Z"
  }
]