{
  "1": 4,
  "2": 1,
  "4": 1,
  "8": 1,
  "9": 1,
  "11": 1,
  "12": 2,
  "14": 1,
  "15": 2,
  "17": 1,
  "27": 1,
  "28": 2,
  "29": 2,
  "30": 2,
  "31": 2,
  "32": 1,
  "34": 1,
  "35": 4,
  "36": 2,
  "37": 2,
  "38": 2,
  "39": 1,
  "40": 2,
  "42": 1,
  "43": 1,
  "45": 1,
  "47": 1,
  "48": 3,
  "52": 1,
  "56": 3,
  "57": 1,
  "58": 1,
  "59": 1,
  "62": 3,
  "64": 1,
  "68": 1,
  "69": 1,
  "73": 1,
  "74": 1,
  "77": 1,
  "78": 3,
  "79": 2,
  "81": 2,
  "82": 1,
  "85": 1,
  "86": 1,
  "89": 1,
  "92": 2,
  "93": 1,
  "94": 1,
  "95": 1,
  "96": 1,
  "98": 1,
  "99": 2
}