{
  "songs": [
    {
      "trackName": "First Date",
      "artistName": "Blink 182",
      "albumName": "Unknown",
      "releaseDate": "Unknown",
      "spotifyUrl": "",
      "popularity": 78,
      "dj": "user",
      "similarTracks": [
        {
          "trackName": "The Rock Show",
          "artistName": "blink-182"
        },
        {
          "trackName": "Stay Together for the Kids",
          "artistName": "blink-182"
        },
        {
          "trackName": "In Too Deep",
          "artistName": "Sum 41"
        }
      ]
    },
    {
      "trackName": "Mr. Brightside",
      "artistName": "The Killers",
      "albumName": "Unknown",
      "releaseDate": "Unknown",
      "spotifyUrl": "",
      "popularity": 13,
      "dj": "user",
      "similarTracks": [
        {
          "trackName": "Somebody Told Me",
          "artistName": "The Killers"
        },
        {
          "trackName": "When You Were Young",
          "artistName": "The Killers"
        },
        {
          "trackName": "Take Me Out",
          "artistName": "Franz Ferdinand"
        }
      ]
    },
    {
      "trackName": "Girl All the Bad Guys Want",
      "artistName": "Bowling For Soup",
      "albumName": "Unknown",
      "releaseDate": "Unknown",
      "spotifyUrl": "",
      "popularity": 67,
      "dj": "user",
      "similarTracks": [
        {
          "trackName": "The River",
          "artistName": "Good Charlotte"
        },
        {
          "trackName": "Empty Spaces",
          "artistName": "SR-71"
        },
        {
          "trackName": "Head on Collision",
          "artistName": "New Found Glory"
        }
      ]
    },
    {
      "trackName": "High School Never Ends (Main Version - Explicit)",
      "artistName": "Bowling For Soup",
      "albumName": "Unknown",
      "releaseDate": "Unknown",
      "spotifyUrl": "",
      "popularity": 64,
      "dj": "user",
      "similarTracks": [
        {
          "trackName": "Girl All the Bad Guys Want",
          "artistName": "Bowling for Soup"
        },
        {
          "trackName": "Getting Old Sucks (But Everybody's Doing It)",
          "artistName": "Bowling for Soup"
        },
        {
          "trackName": "Lifestyles of the Rich & Famous",
          "artistName": "Good Charlotte"
        }
      ]
    },
    {
      "trackName": "Ohio (Come Back To Texas)",
      "artistName": "Bowling For Soup",
      "albumName": "Unknown",
      "releaseDate": "Unknown",
      "spotifyUrl": "",
      "popularity": 57,
      "dj": "user",
      "similarTracks": [
        {
          "trackName": "Almost",
          "artistName": "Bowling for Soup"
        },
        {
          "trackName": "1985",
          "artistName": "Bowling for Soup"
        },
        {
          "trackName": "Walking Disaster",
          "artistName": "Sum 41"
        }
      ]
    },
    {
      "trackName": "Sweetness",
      "artistName": "Jimmy Eat World",
      "albumName": "Unknown",
      "releaseDate": "Unknown",
      "spotifyUrl": "",
      "popularity": 73,
      "dj": "user",
      "similarTracks": [
        {
          "trackName": "Bleed American",
          "artistName": "Jimmy Eat World"
        },
        {
          "trackName": "If You Don't, Don't",
          "artistName": "Jimmy Eat World"
        },
        {
          "trackName": "MakeDamnSure",
          "artistName": "Taking Back Sunday"
        }
      ]
    },
    {
      "trackName": "My Own Worst Enemy",
      "artistName": "Lit",
      "albumName": "Unknown",
      "releaseDate": "Unknown",
      "spotifyUrl": "",
      "popularity": 77,
      "dj": "user",
      "similarTracks": [
        {
          "trackName": "Semi-Charmed Life",
          "artistName": "Third Eye Blind"
        },
        {
          "trackName": "Fat Lip",
          "artistName": "Sum 41"
        },
        {
          "trackName": "The Anthem",
          "artistName": "Good Charlotte"
        }
      ]
    },
    {
      "trackName": "Say It Ain't So (Original Mix)",
      "artistName": "Weezer",
      "albumName": "Unknown",
      "releaseDate": "Unknown",
      "spotifyUrl": "",
      "popularity": 2,
      "dj": "user",
      "similarTracks": [
        {
          "trackName": "Ring the Bell",
          "artistName": "Joey Supaporn"
        },
        {
          "trackName": "El Conductor Barbado",
          "artistName": "Taco-Town"
        },
        {
          "trackName": "Bang Bang - Lazy Hammock Chillout Mix",
          "artistName": "The Diventa Project"
        }
      ]
    },
    {
      "trackName": "Inside Out",
      "artistName": "Eve 6",
      "albumName": "Unknown",
      "releaseDate": "Unknown",
      "spotifyUrl": "",
      "popularity": 70,
      "dj": "user",
      "similarTracks": [
        {
          "trackName": "Flagpole Sitta",
          "artistName": "Harvey Danger"
        },
        {
          "trackName": "Santa Monica",
          "artistName": "Everclear"
        },
        {
          "trackName": "If You Could Only See",
          "artistName": "Tonic"
        }
      ]
    },
    {
      "trackName": "Lifestyles of the Rich & Famous",
      "artistName": "Good Charlotte",
      "albumName": "Unknown",
      "releaseDate": "Unknown",
      "spotifyUrl": "",
      "popularity": 72,
      "dj": "user",
      "similarTracks": [
        {
          "trackName": "The Anthem",
          "artistName": "Good Charlotte"
        },
        {
          "trackName": "Girls & Boys",
          "artistName": "Good Charlotte"
        },
        {
          "trackName": "1985",
          "artistName": "Bowling for Soup"
        }
      ]
    },
    {
      "trackName": "Sound of Madness",
      "artistName": "Shinedown",
      "albumName": "Unknown",
      "releaseDate": "Unknown",
      "spotifyUrl": "",
      "popularity": 76,
      "dj": "user",
      "similarTracks": [
        {
          "trackName": "Second Chance",
          "artistName": "Shinedown"
        },
        {
          "trackName": "Devour",
          "artistName": "Shinedown"
        },
        {
          "trackName": "Remedy",
          "artistName": "Seether"
        }
      ]
    },
    {
      "trackName": "Buddy Holly",
      "artistName": "Weezer",
      "albumName": "Unknown",
      "releaseDate": "Unknown",
      "spotifyUrl": "",
      "popularity": 80,
      "dj": "user",
      "similarTracks": [
        {
          "trackName": "Undone - The Sweater Song",
          "artistName": "Weezer"
        },
        {
          "trackName": "My Name Is Jonas",
          "artistName": "Weezer"
        },
        {
          "trackName": "Just",
          "artistName": "Radiohead"
        }
      ]
    },
    {
      "trackName": "II MOST WANTED",
      "artistName": "Beyoncé & Miley Cyrus",
      "albumName": "Unknown",
      "releaseDate": "Unknown",
      "spotifyUrl": "",
      "popularity": 60,
      "dj": "user",
      "similarTracks": [
        {
          "trackName": "TEXAS HOLD 'EM (PONY UP) REMIX",
          "artistName": "Beyoncé"
        },
        {
          "trackName": "Is It Over Now? (Taylor's Version) [From the Vault]",
          "artistName": "Taylor Swift"
        },
        {
          "trackName": "\"Slut!\" (Taylor's Version) [From the Vault]",
          "artistName": "Taylor Swift"
        }
      ]
    },
    {
      "trackName": "Shakin' Off The Rust",
      "artistName": "The Blue Stones",
      "albumName": "Unknown",
      "releaseDate": "Unknown",
      "spotifyUrl": "",
      "popularity": 59,
      "dj": "user",
      "similarTracks": [
        {
          "trackName": "One by One",
          "artistName": "The Blue Stones"
        },
        {
          "trackName": "Come on Over",
          "artistName": "Royal Blood"
        },
        {
          "trackName": "Better Strangers",
          "artistName": "Royal Blood"
        }
      ]
    },
    {
      "trackName": "In Too Deep",
      "artistName": "Sum 41",
      "albumName": "Unknown",
      "releaseDate": "Unknown",
      "spotifyUrl": "",
      "popularity": 78,
      "dj": "user",
      "similarTracks": [
        {
          "trackName": "Fat Lip",
          "artistName": "Sum 41"
        },
        {
          "trackName": "Motivation",
          "artistName": "Sum 41"
        },
        {
          "trackName": "The Anthem",
          "artistName": "Good Charlotte"
        }
      ]
    },
    {
      "trackName": "Don't Bring Me Down",
      "artistName": "Electric Light Orchestra",
      "albumName": "Unknown",
      "releaseDate": "Unknown",
      "spotifyUrl": "",
      "popularity": 81,
      "dj": "user",
      "similarTracks": [
        {
          "trackName": "Livin' Thing",
          "artistName": "Electric Light Orchestra"
        },
        {
          "trackName": "Evil Woman",
          "artistName": "Electric Light Orchestra"
        },
        {
          "trackName": "More Than a Feeling",
          "artistName": "Boston"
        }
      ]
    },
    {
      "trackName": "Jealous Again",
      "artistName": "The Black Crowes",
      "albumName": "Unknown",
      "releaseDate": "Unknown",
      "spotifyUrl": "",
      "popularity": 61,
      "dj": "user",
      "similarTracks": [
        {
          "trackName": "Twice As Hard",
          "artistName": "The Black Crowes"
        },
        {
          "trackName": "Hard To Handle",
          "artistName": "The Black Crowes"
        },
        {
          "trackName": "Midnight Rider",
          "artistName": "The Allman Brothers Band"
        }
      ]
    },
    {
      "trackName": "Right Now",
      "artistName": "SR-71",
      "albumName": "Unknown",
      "releaseDate": "Unknown",
      "spotifyUrl": "",
      "popularity": 63,
      "dj": "user",
      "similarTracks": [
        {
          "trackName": "Memory",
          "artistName": "Sugarcult"
        },
        {
          "trackName": "Girl All the Bad Guys Want",
          "artistName": "Bowling for Soup"
        },
        {
          "trackName": "Flavor of the Weak",
          "artistName": "American Hi-Fi"
        }
      ]
    },
    {
      "trackName": "Wild Child",
      "artistName": "The Black Keys",
      "albumName": "Unknown",
      "releaseDate": "Unknown",
      "spotifyUrl": "",
      "popularity": 68,
      "dj": "user",
      "similarTracks": [
        {
          "trackName": "Lo/Hi",
          "artistName": "The Black Keys"
        },
        {
          "trackName": "Go",
          "artistName": "The Black Keys"
        },
        {
          "trackName": "Hate to Say I Told You So",
          "artistName": "The Hives"
        }
      ]
    },
    {
      "trackName": "What I Got",
      "artistName": "Sublime",
      "albumName": "Unknown",
      "releaseDate": "Unknown",
      "spotifyUrl": "",
      "popularity": 80,
      "dj": "user",
      "similarTracks": [
        {
          "trackName": "Santeria",
          "artistName": "Sublime"
        },
        {
          "trackName": "Wrong Way",
          "artistName": "Sublime"
        },
        {
          "trackName": "Semi-Charmed Life",
          "artistName": "Third Eye Blind"
        }
      ]
    },
    {
      "trackName": "Crazy Bitch",
      "artistName": "Buckcherry",
      "albumName": "Unknown",
      "releaseDate": "Unknown",
      "spotifyUrl": "",
      "popularity": 73,
      "dj": "user",
      "similarTracks": [
        {
          "trackName": "Bad Girlfriend",
          "artistName": "Theory of a Deadman"
        },
        {
          "trackName": "Addicted",
          "artistName": "Saving Abel"
        },
        {
          "trackName": "Bitch Came Back",
          "artistName": "Theory of a Deadman"
        }
      ]
    },
    {
      "trackName": "The Rock Show",
      "artistName": "Blink 182",
      "albumName": "Unknown",
      "releaseDate": "Unknown",
      "spotifyUrl": "",
      "popularity": 73,
      "dj": "user",
      "similarTracks": [
        {
          "trackName": "First Date",
          "artistName": "blink-182"
        },
        {
          "trackName": "Online Songs",
          "artistName": "blink-182"
        },
        {
          "trackName": "Fat Lip",
          "artistName": "Sum 41"
        }
      ]
    },
    {
      "trackName": "The Walker",
      "artistName": "Fitz And The Tantrums",
      "albumName": "Unknown",
      "releaseDate": "Unknown",
      "spotifyUrl": "",
      "popularity": 65,
      "dj": "user",
      "similarTracks": [
        {
          "trackName": "Out of My League",
          "artistName": "Fitz and the Tantrums"
        },
        {
          "trackName": "HandClap",
          "artistName": "Fitz and the Tantrums"
        },
        {
          "trackName": "My Type",
          "artistName": "Saint Motel"
        }
      ]
    },
    {
      "trackName": "Gives You Hell",
      "artistName": "The All-American Rejects",
      "albumName": "Unknown",
      "releaseDate": "Unknown",
      "spotifyUrl": "",
      "popularity": 77,
      "dj": "user",
      "similarTracks": [
        {
          "trackName": "Five Minutes To Midnight",
          "artistName": "Boys Like Girls"
        },
        {
          "trackName": "I'd Do Anything",
          "artistName": "Simple Plan"
        },
        {
          "trackName": "Keep Your Hands Off My Girl",
          "artistName": "Good Charlotte"
        }
      ]
    },
    {
      "trackName": "Lonely Boy",
      "artistName": "The Black Keys",
      "albumName": "Unknown",
      "releaseDate": "Unknown",
      "spotifyUrl": "",
      "popularity": 72,
      "dj": "user",
      "similarTracks": [
        {
          "trackName": "Gold on the Ceiling",
          "artistName": "The Black Keys"
        },
        {
          "trackName": "Little Black Submarines",
          "artistName": "The Black Keys"
        },
        {
          "trackName": "No Good",
          "artistName": "Kaleo"
        }
      ]
    },
    {
      "trackName": "Lonely Boy",
      "artistName": "The Black Keys",
      "albumName": "Unknown",
      "releaseDate": "Unknown",
      "spotifyUrl": "",
      "popularity": 72,
      "dj": "user",
      "similarTracks": [
        {
          "trackName": "Gold on the Ceiling",
          "artistName": "The Black Keys"
        },
        {
          "trackName": "Little Black Submarines",
          "artistName": "The Black Keys"
        },
        {
          "trackName": "No Good",
          "artistName": "Kaleo"
        }
      ]
    },
    {
      "trackName": "Sex on Fire",
      "artistName": "Kings Of Leon",
      "albumName": "Unknown",
      "releaseDate": "Unknown",
      "spotifyUrl": "",
      "popularity": 87,
      "dj": "user",
      "similarTracks": [
        {
          "trackName": "Use Somebody",
          "artistName": "Kings of Leon"
        },
        {
          "trackName": "Closer",
          "artistName": "Kings of Leon"
        },
        {
          "trackName": "Mr. Brightside",
          "artistName": "The Killers"
        }
      ]
    },
    {
      "trackName": "The Joker",
      "artistName": "Steve Miller Band",
      "albumName": "Unknown",
      "releaseDate": "Unknown",
      "spotifyUrl": "",
      "popularity": 80,
      "dj": "user",
      "similarTracks": [
        {
          "trackName": "Jet Airliner",
          "artistName": "Steve Miller Band"
        },
        {
          "trackName": "Fly Like an Eagle",
          "artistName": "Steve Miller Band"
        },
        {
          "trackName": "All Right Now",
          "artistName": "Free"
        }
      ]
    },
    {
      "trackName": "Black Water",
      "artistName": "The Doobie Brothers",
      "albumName": "Unknown",
      "releaseDate": "Unknown",
      "spotifyUrl": "",
      "popularity": 69,
      "dj": "user",
      "similarTracks": [
        {
          "trackName": "China Grove",
          "artistName": "The Doobie Brothers"
        },
        {
          "trackName": "Listen to the Music",
          "artistName": "The Doobie Brothers"
        },
        {
          "trackName": "Maggie May",
          "artistName": "Rod Stewart"
        }
      ]
    },
    {
      "trackName": "Magic Carpet Ride",
      "artistName": "Steppenwolf",
      "albumName": "Unknown",
      "releaseDate": "Unknown",
      "spotifyUrl": "",
      "popularity": 72,
      "dj": "user",
      "similarTracks": [
        {
          "trackName": "White Room",
          "artistName": "Cream"
        },
        {
          "trackName": "Born to Be Wild",
          "artistName": "Steppenwolf"
        },
        {
          "trackName": "Sunshine of Your Love",
          "artistName": "Cream"
        }
      ]
    }
  ]
}