{
  "210141ad-6b01-4665-84dc-e47ea7c27dcb": {
    "nickname": "Rsmitty"
  },
  "92302b7d-ae5e-466f-975b-d3fee461f13f": {
    "nickname": "Noremac"
  },
  "072b0bb3-518e-4422-97fd-13dc53e8ae7e": {
    "nickname": "DJ Shy Guy"
  },
  "887b6c25-6eb6-42ae-a68f-cd84e60d4d5a": {
    "nickname": "Allen"
  },
  "e99d7d47-7d45-4ab5-b868-8a188db1ec5f": {
    "nickname": "Straight Up Chill"
  },
  "df2cd59d-c1ab-4589-98cd-e14f8a400f77": {
    "nickname": "Alvn"
  },
  "3ea72ae7-77db-4d08-9dc6-ce875890c1b5": {
    "nickname": "Metalman"
  },
  "526c87f3-72b6-49dc-bd1a-b9375ccf6621": {
    "nickname": "Moizy"
  },
  "554d0d38-0b7b-45d8-9f18-20b4f5689e70": {
    "nickname": "BusterDouglas"
  },
  "00910757-9a3c-482e-b087-8adeabd3dbe1": {
    "nickname": "sweato"
  },
  "0e1f2a66-0960-497f-befd-94efdd610d6f": {
    "nickname": "BB4444"
  },
  "210b900a-c65e-4e5e-989f-653e5f191d54": {
    "nickname": "sawsechef"
  },
  "6e83ed23-c6d0-4aab-9fa3-86af30d34be3": {
    "nickname": "SAM PAZZO INC."
  },
  "3196cd7a-138a-4f38-b30c-a2bb99321342": {
    "nickname": "D4RKW0LF"
  },
  "ae1df7da-3348-46df-8015-8e0b864b09bd": {
    "nickname": "SmalltownMusic"
  },
  "24759d9e-9b24-4ab9-b262-23bf5b3144db": {
    "nickname": "🇰‌🇪‌🇪‌🇩‌🇴‌"
  },
  "d49336c0-31a3-417b-a6e2-e1d718cd009e": {
    "nickname": "Daak"
  },
  "9d8de8b8-bb83-4e00-9054-651347080e5c": {
    "nickname": "bigdude"
  },
  "e9428ac3-985f-4278-987c-86a81d88ddf9": {
    "nickname": "stunna22"
  },
  "4c340480-4f5c-4b9a-9e43-f80519154cb0": {
    "nickname": "BeRad"
  },
  "04e82121-3ae6-48d5-bc53-352d423f0a01": {
    "nickname": "Igualikojr"
  },
  "c7611e86-3235-4021-88c9-70e081746246": {
    "nickname": "fancyhands556"
  },
  "ced74f17-3126-47bd-8e28-228f25668882": {
    "nickname": "Genasi"
  },
  "8b6b17d4-6c92-4ee1-a339-7c2c8530e175": {
    "nickname": "max_kakz"
  },
  "5e682210-dd0c-4117-ae22-0422d47bb4bb": {
    "nickname": "hyperbeat"
  },
  "ded7268d-1535-4e3d-9082-6809703722f8": {
    "nickname": "divine"
  },
  "191bff4d-6e9a-4110-8746-aa8f47befce2": {
    "nickname": "Bitz"
  },
  "cd75ba14-7067-498b-ab8d-36ce30c5b948": {
    "nickname": "J,Lvou64"
  },
  "624ae15a-1d7d-45de-9310-8d52e6429f9d": {
    "nickname": "hades27era"
  },
  "c226c978-3e99-4c7b-817c-982f0eab76d3": {
    "nickname": "Firebird 𖤍"
  },
  "39b8f029-cb19-44a8-b4e5-1ccf35b4eebe": {
    "nickname": "DDMzY"
  },
  "11623fe5-272d-4d5f-a0a7-3635dae5e1f1": {
    "nickname": "Matt"
  },
  "b09bea2b-6708-429d-bf1b-848e221ba7b6": {
    "nickname": "ravioli"
  },
  "b30c6573-db27-41fb-9bfa-22c4c7a69a1a": {
    "nickname": "Mars"
  },
  "97c4f8d4-62de-474e-be9d-6d9f4dff0d52": {
    "nickname": "cocomelon"
  },
  "c5cf306e-11f0-46d8-bdce-c6bbe5246eca": {
    "nickname": "I Dischi di Mingo 📻 "
  },
  "240c2393-4e79-431f-9be7-196411829d08": {
    "nickname": "Meinspulla"
  },
  "fd2f1b47-b1d4-4100-8f88-6e56aa82e13f": {
    "nickname": "Justjamzgirl"
  },
  "154fea7e-e957-40f8-bcfc-528eb67c4da0": {
    "nickname": "kron"
  },
  "9c6ead5a-82b7-4823-9e90-648d8dfa04a4": {
    "nickname": "Wawa"
  },
  "ff1fea73-69e0-4a80-b433-20098ead5535": {
    "nickname": "Le Blaireau"
  },
  "3413de52-a6f0-46a2-ab51-beb9651970f0": {
    "nickname": "Agnes"
  },
  "5a1fe4a5-7343-420c-8450-1c3a11bdd501": {
    "nickname": "calyx"
  },
  "c6b9cd07-fc4c-4232-96e3-d96399cf20dc": {
    "nickname": "neekeri"
  },
  "25ec1743-b8a0-49c8-915c-9a34bf2d2214": {
    "nickname": "NEKRUN KULLI123"
  },
  "790f0817-1786-4d15-8ff6-a786f15affeb": {
    "nickname": "1.38"
  },
  "ab8ec5d6-41b0-41b5-8ab5-a59383172216": {
    "nickname": "Bedhead "
  },
  "8a6e20a3-e262-4721-b044-28227492c863": {
    "nickname": "Unknown"
  },
  "162d34a7-1bd6-4fd2-a664-d9cdc41390d6": {
    "nickname": "kris"
  },
  "9e0ed095-ab13-4c11-ac21-18fbaddbde39": {
    "nickname": "WOUAP"
  },
  "d052056a-d8ae-4ea0-adc7-7a2d84b66d8c": {
    "nickname": "DJ violet"
  },
  "2a67b7cf-61b1-4b08-aed0-a8ab97294c20": {
    "nickname": "kleiner ayri"
  },
  "8c4363a3-e74b-4bcf-9eef-104715291966": {
    "nickname": "Ryan"
  },
  "4cbbbf66-3b01-448b-8878-eb34b0e139ba": {
    "nickname": "Super"
  },
  "52435986-2973-4b76-a9b1-aa110adcb2f2": {
    "nickname": "Simoleon28 "
  },
  "dc219433-8260-42c9-9b7f-c39fa03b416a": {
    "nickname": "Starisgay"
  },
  "b38c2e92-c0a3-417b-b90b-445ab31f6d9a": {
    "nickname": "sum_cowboy"
  },
  "bf65a27d-07d9-4d2f-878f-fb2bb56874ab": {
    "nickname": "Becky"
  },
  "a51b58ee-1826-45a3-b8f4-f08ba1bb5eea": {
    "nickname": "Doged7og"
  },
  "f3b152a3-b29b-41b8-88b1-dea4d9b952aa": {
    "nickname": "DJ Stewie "
  }
}