{
  "35efe060-6e18-430d-9173-e3c5e0839a12": {
    "balance": 5
  },
  "210141ad-6b01-4665-84dc-e47ea7c27dcb": {
    "balance": 111843
  },
  "3ea72ae7-77db-4d08-9dc6-ce875890c1b5": {
    "balance": 261
  },
  "92302b7d-ae5e-466f-975b-d3fee461f13f": {
    "balance": 8466.1
  },
  "072b0bb3-518e-4422-97fd-13dc53e8ae7e": {
    "balance": 97147.7
  },
  "df2cd59d-c1ab-4589-98cd-e14f8a400f77": {
    "balance": 142.8
  },
  "e99d7d47-7d45-4ab5-b868-8a188db1ec5f": {
    "balance": 8
  },
  "526c87f3-72b6-49dc-bd1a-b9375ccf6621": {
    "balance": 90
  },
  "554d0d38-0b7b-45d8-9f18-20b4f5689e70": {
    "balance": 224
  },
  "00910757-9a3c-482e-b087-8adeabd3dbe1": {
    "balance": 18
  },
  "887b6c25-6eb6-42ae-a68f-cd84e60d4d5a": {
    "balance": 674
  },
  "0e1f2a66-0960-497f-befd-94efdd610d6f": {
    "balance": 2
  },
  "210b900a-c65e-4e5e-989f-653e5f191d54": {
    "balance": 48
  },
  "6e83ed23-c6d0-4aab-9fa3-86af30d34be3": {
    "balance": 162
  },
  "3196cd7a-138a-4f38-b30c-a2bb99321342": {
    "balance": 368
  },
  "ae1df7da-3348-46df-8015-8e0b864b09bd": {
    "balance": 124
  },
  "24759d9e-9b24-4ab9-b262-23bf5b3144db": {
    "balance": 2
  },
  "d49336c0-31a3-417b-a6e2-e1d718cd009e": {
    "balance": 16
  },
  "9d8de8b8-bb83-4e00-9054-651347080e5c": {
    "balance": 50
  },
  "e9428ac3-985f-4278-987c-86a81d88ddf9": {
    "balance": 6
  },
  "4c340480-4f5c-4b9a-9e43-f80519154cb0": {
    "balance": 175
  },
  "04e82121-3ae6-48d5-bc53-352d423f0a01": {
    "balance": 32
  },
  "c7611e86-3235-4021-88c9-70e081746246": {
    "balance": 2
  },
  "ced74f17-3126-47bd-8e28-228f25668882": {
    "balance": 4
  },
  "8b6b17d4-6c92-4ee1-a339-7c2c8530e175": {
    "balance": 6
  },
  "5e682210-dd0c-4117-ae22-0422d47bb4bb": {
    "balance": 10
  },
  "ded7268d-1535-4e3d-9082-6809703722f8": {
    "balance": 6
  },
  "191bff4d-6e9a-4110-8746-aa8f47befce2": {
    "balance": 6
  },
  "cd75ba14-7067-498b-ab8d-36ce30c5b948": {
    "balance": 12
  },
  "624ae15a-1d7d-45de-9310-8d52e6429f9d": {
    "balance": 6
  },
  "c226c978-3e99-4c7b-817c-982f0eab76d3": {
    "balance": 6
  },
  "39b8f029-cb19-44a8-b4e5-1ccf35b4eebe": {
    "balance": 4
  },
  "11623fe5-272d-4d5f-a0a7-3635dae5e1f1": {
    "balance": 12
  },
  "b09bea2b-6708-429d-bf1b-848e221ba7b6": {
    "balance": 14
  },
  "b30c6573-db27-41fb-9bfa-22c4c7a69a1a": {
    "balance": 22
  },
  "97c4f8d4-62de-474e-be9d-6d9f4dff0d52": {
    "balance": 2
  },
  "c5cf306e-11f0-46d8-bdce-c6bbe5246eca": {
    "balance": 10
  },
  "240c2393-4e79-431f-9be7-196411829d08": {
    "balance": 4
  },
  "fd2f1b47-b1d4-4100-8f88-6e56aa82e13f": {
    "balance": 1157.4
  },
  "154fea7e-e957-40f8-bcfc-528eb67c4da0": {
    "balance": 4
  },
  "9c6ead5a-82b7-4823-9e90-648d8dfa04a4": {
    "balance": 6
  },
  "ff1fea73-69e0-4a80-b433-20098ead5535": {
    "balance": 4
  },
  "3413de52-a6f0-46a2-ab51-beb9651970f0": {
    "balance": 6
  },
  "5a1fe4a5-7343-420c-8450-1c3a11bdd501": {
    "balance": 34
  },
  "c6b9cd07-fc4c-4232-96e3-d96399cf20dc": {
    "balance": 2
  },
  "25ec1743-b8a0-49c8-915c-9a34bf2d2214": {
    "balance": 4
  },
  "790f0817-1786-4d15-8ff6-a786f15affeb": {
    "balance": 4
  },
  "ab8ec5d6-41b0-41b5-8ab5-a59383172216": {
    "balance": 2
  },
  "8a6e20a3-e262-4721-b044-28227492c863": {
    "balance": 2
  },
  "162d34a7-1bd6-4fd2-a664-d9cdc41390d6": {
    "balance": 11.4
  },
  "9e0ed095-ab13-4c11-ac21-18fbaddbde39": {
    "balance": 10
  },
  "d052056a-d8ae-4ea0-adc7-7a2d84b66d8c": {
    "balance": 4
  },
  "2a67b7cf-61b1-4b08-aed0-a8ab97294c20": {
    "balance": 6
  },
  "8c4363a3-e74b-4bcf-9eef-104715291966": {
    "balance": 8
  },
  "4cbbbf66-3b01-448b-8878-eb34b0e139ba": {
    "balance": 29
  },
  "52435986-2973-4b76-a9b1-aa110adcb2f2": {
    "balance": 8
  },
  "dc219433-8260-42c9-9b7f-c39fa03b416a": {
    "balance": 4
  },
  "b38c2e92-c0a3-417b-b90b-445ab31f6d9a": {
    "balance": 2
  },
  "bf65a27d-07d9-4d2f-878f-fb2bb56874ab": {
    "balance": 6
  },
  "a51b58ee-1826-45a3-b8f4-f08ba1bb5eea": {
    "balance": 4
  },
  "f3b152a3-b29b-41b8-88b1-dea4d9b952aa": {
    "balance": 100008
  }
}