[
  {
    "id": 1,
    "name": "Thunderbolt",
    "baseOdds": 2.5,
    "volatility": 0.5,
    "owner": null,
    "racesParticipated": 16,
    "wins": 2,
    "nickname": null,
    "odds": 6
  },
  {
    "id": 2,
    "name": "Midnight Dust",
    "baseOdds": 3,
    "volatility": 1,
    "owner": null,
    "racesParticipated": 31,
    "wins": 4,
    "nickname": null,
    "odds": 6
  },
  {
    "id": 3,
    "name": "Sea Biscuit",
    "baseOdds": 4,
    "volatility": 2,
    "owner": null,
    "racesParticipated": 38,
    "wins": 7,
    "nickname": null,
    "odds": 6
  },
  {
    "id": 4,
    "name": "Razor",
    "baseOdds": 5,
    "volatility": 1.5,
    "owner": null,
    "racesParticipated": 40,
    "wins": 6,
    "nickname": null,
    "odds": 7
  },
  {
    "id": 5,
    "name": "Blaze King",
    "baseOdds": 6,
    "volatility": 2.5,
    "owner": null,
    "racesParticipated": 40,
    "wins": 6,
    "nickname": null,
    "odds": 9
  },
  {
    "id": 6,
    "name": "Golden Mane",
    "baseOdds": 10,
    "volatility": 3,
    "owner": null,
    "racesParticipated": 40,
    "wins": 7,
    "nickname": null,
    "odds": 9
  },
  {
    "name": "NightFlare",
    "baseOdds": 5,
    "volatility": 0.6,
    "wins": 4,
    "racesParticipated": 20,
    "careerLength": 20,
    "owner": "Rsmitty",
    "ownerId": "210141ad-6b01-4665-84dc-e47ea7c27dcb",
    "tier": "champion",
    "emoji": "🐉",
    "price": 15,
    "retired": true
  },
  {
    "name": "IronKing",
    "baseOdds": 3,
    "volatility": 0.6,
    "wins": 1,
    "racesParticipated": 10,
    "careerLength": 18,
    "owner": "DJ Shy Guy",
    "ownerId": "072b0bb3-518e-4422-97fd-13dc53e8ae7e",
    "tier": "champion",
    "emoji": "🐉",
    "price": 15,
    "retired": false
  },
  {
    "name": "NightTempest",
    "baseOdds": 4,
    "volatility": 1.2,
    "wins": 0,
    "racesParticipated": 0,
    "careerLength": 17,
    "owner": "Noremac",
    "ownerId": "92302b7d-ae5e-466f-975b-d3fee461f13f",
    "tier": "elite",
    "emoji": "🐎",
    "price": 7,
    "retired": false
  },
  {
    "name": "JetStrike",
    "baseOdds": 4,
    "volatility": 1,
    "wins": 2,
    "racesParticipated": 4,
    "careerLength": 20,
    "owner": "Noremac",
    "ownerId": "92302b7d-ae5e-466f-975b-d3fee461f13f",
    "tier": "champion",
    "emoji": "🐉",
    "price": 15,
    "retired": false
  },
  {
    "name": "CosmicStrike",
    "baseOdds": 4,
    "volatility": 0.6,
    "wins": 0,
    "racesParticipated": 1,
    "careerLength": 19,
    "owner": "Rsmitty",
    "ownerId": "210141ad-6b01-4665-84dc-e47ea7c27dcb",
    "tier": "champion",
    "emoji": "🐉",
    "price": 15,
    "retired": false
  }
]